,cell_type,batch,batch_from_meta
10x_CELL_000001,HCC827,10x,10x
10x_CELL_000002,H1975,10x,10x
10x_CELL_000003,HCC827,10x,10x
10x_CELL_000004,HCC827,10x,10x
10x_CELL_000005,HCC827,10x,10x
10x_CELL_000006,H1975,10x,10x
10x_CELL_000007,HCC827,10x,10x
10x_CELL_000008,HCC827,10x,10x
10x_CELL_000009,HCC827,10x,10x
10x_CELL_000010,HCC827,10x,10x
10x_CELL_000011,H1975,10x,10x
10x_CELL_000012,HCC827,10x,10x
10x_CELL_000013,HCC827,10x,10x
10x_CELL_000014,HCC827,10x,10x
10x_CELL_000015,H1975,10x,10x
10x_CELL_000016,HCC827,10x,10x
10x_CELL_000017,HCC827,10x,10x
10x_CELL_000018,HCC827,10x,10x
10x_CELL_000019,HCC827,10x,10x
10x_CELL_000020,HCC827,10x,10x
10x_CELL_000021,HCC827,10x,10x
10x_CELL_000022,HCC827,10x,10x
10x_CELL_000023,HCC827,10x,10x
10x_CELL_000024,HCC827,10x,10x
10x_CELL_000025,H1975,10x,10x
10x_CELL_000026,H1975,10x,10x
10x_CELL_000027,HCC827,10x,10x
10x_CELL_000028,HCC827,10x,10x
10x_CELL_000029,HCC827,10x,10x
10x_CELL_000030,HCC827,10x,10x
10x_CELL_000031,HCC827,10x,10x
10x_CELL_000032,HCC827,10x,10x
10x_CELL_000033,HCC827,10x,10x
10x_CELL_000034,HCC827,10x,10x
10x_CELL_000035,H2228,10x,10x
10x_CELL_000036,HCC827,10x,10x
10x_CELL_000037,HCC827,10x,10x
10x_CELL_000038,H2228,10x,10x
10x_CELL_000039,HCC827,10x,10x
10x_CELL_000040,HCC827,10x,10x
10x_CELL_000041,HCC827,10x,10x
10x_CELL_000042,H1975,10x,10x
10x_CELL_000043,HCC827,10x,10x
10x_CELL_000044,H1975,10x,10x
10x_CELL_000045,HCC827,10x,10x
10x_CELL_000046,HCC827,10x,10x
10x_CELL_000047,HCC827,10x,10x
10x_CELL_000048,H1975,10x,10x
10x_CELL_000049,HCC827,10x,10x
10x_CELL_000050,HCC827,10x,10x
10x_CELL_000051,H1975,10x,10x
10x_CELL_000052,HCC827,10x,10x
10x_CELL_000053,HCC827,10x,10x
10x_CELL_000054,HCC827,10x,10x
10x_CELL_000055,HCC827,10x,10x
10x_CELL_000056,HCC827,10x,10x
10x_CELL_000057,HCC827,10x,10x
10x_CELL_000058,HCC827,10x,10x
10x_CELL_000059,H1975,10x,10x
10x_CELL_000060,HCC827,10x,10x
10x_CELL_000061,HCC827,10x,10x
10x_CELL_000062,H1975,10x,10x
10x_CELL_000063,HCC827,10x,10x
10x_CELL_000064,H1975,10x,10x
10x_CELL_000065,H2228,10x,10x
10x_CELL_000066,HCC827,10x,10x
10x_CELL_000067,HCC827,10x,10x
10x_CELL_000068,HCC827,10x,10x
10x_CELL_000069,HCC827,10x,10x
10x_CELL_000070,H1975,10x,10x
10x_CELL_000071,HCC827,10x,10x
10x_CELL_000072,H2228,10x,10x
10x_CELL_000073,H1975,10x,10x
10x_CELL_000074,H2228,10x,10x
10x_CELL_000075,HCC827,10x,10x
10x_CELL_000076,H2228,10x,10x
10x_CELL_000077,H2228,10x,10x
10x_CELL_000078,H2228,10x,10x
10x_CELL_000079,H2228,10x,10x
10x_CELL_000080,H2228,10x,10x
10x_CELL_000081,HCC827,10x,10x
10x_CELL_000082,H1975,10x,10x
10x_CELL_000083,HCC827,10x,10x
10x_CELL_000084,H1975,10x,10x
10x_CELL_000085,HCC827,10x,10x
10x_CELL_000086,H1975,10x,10x
10x_CELL_000087,HCC827,10x,10x
10x_CELL_000088,H2228,10x,10x
10x_CELL_000089,H1975,10x,10x
10x_CELL_000090,HCC827,10x,10x
10x_CELL_000091,H1975,10x,10x
10x_CELL_000092,HCC827,10x,10x
10x_CELL_000093,HCC827,10x,10x
10x_CELL_000094,H2228,10x,10x
10x_CELL_000095,H2228,10x,10x
10x_CELL_000096,HCC827,10x,10x
10x_CELL_000097,H1975,10x,10x
10x_CELL_000098,H1975,10x,10x
10x_CELL_000099,HCC827,10x,10x
10x_CELL_000100,H1975,10x,10x
10x_CELL_000101,HCC827,10x,10x
10x_CELL_000102,H1975,10x,10x
10x_CELL_000103,HCC827,10x,10x
10x_CELL_000104,HCC827,10x,10x
10x_CELL_000105,H1975,10x,10x
10x_CELL_000106,H2228,10x,10x
10x_CELL_000107,HCC827,10x,10x
10x_CELL_000108,H2228,10x,10x
10x_CELL_000109,HCC827,10x,10x
10x_CELL_000110,H2228,10x,10x
10x_CELL_000111,HCC827,10x,10x
10x_CELL_000112,HCC827,10x,10x
10x_CELL_000113,H1975,10x,10x
10x_CELL_000114,H1975,10x,10x
10x_CELL_000115,HCC827,10x,10x
10x_CELL_000116,HCC827,10x,10x
10x_CELL_000117,HCC827,10x,10x
10x_CELL_000118,H2228,10x,10x
10x_CELL_000119,HCC827,10x,10x
10x_CELL_000120,HCC827,10x,10x
10x_CELL_000121,H2228,10x,10x
10x_CELL_000122,H1975,10x,10x
10x_CELL_000123,HCC827,10x,10x
10x_CELL_000124,H1975,10x,10x
10x_CELL_000125,H2228,10x,10x
10x_CELL_000126,H2228,10x,10x
10x_CELL_000127,HCC827,10x,10x
10x_CELL_000128,H2228,10x,10x
10x_CELL_000129,HCC827,10x,10x
10x_CELL_000130,H1975,10x,10x
10x_CELL_000131,H1975,10x,10x
10x_CELL_000132,H2228,10x,10x
10x_CELL_000133,H1975,10x,10x
10x_CELL_000134,H1975,10x,10x
10x_CELL_000135,H1975,10x,10x
10x_CELL_000136,HCC827,10x,10x
10x_CELL_000137,H1975,10x,10x
10x_CELL_000138,H1975,10x,10x
10x_CELL_000139,HCC827,10x,10x
10x_CELL_000140,HCC827,10x,10x
10x_CELL_000141,H1975,10x,10x
10x_CELL_000142,H2228,10x,10x
10x_CELL_000143,H1975,10x,10x
10x_CELL_000144,H2228,10x,10x
10x_CELL_000145,HCC827,10x,10x
10x_CELL_000146,HCC827,10x,10x
10x_CELL_000147,H2228,10x,10x
10x_CELL_000148,HCC827,10x,10x
10x_CELL_000149,HCC827,10x,10x
10x_CELL_000150,HCC827,10x,10x
10x_CELL_000151,HCC827,10x,10x
10x_CELL_000152,H2228,10x,10x
10x_CELL_000153,H2228,10x,10x
10x_CELL_000154,H1975,10x,10x
10x_CELL_000155,HCC827,10x,10x
10x_CELL_000156,H1975,10x,10x
10x_CELL_000157,H1975,10x,10x
10x_CELL_000158,HCC827,10x,10x
10x_CELL_000159,HCC827,10x,10x
10x_CELL_000160,HCC827,10x,10x
10x_CELL_000161,HCC827,10x,10x
10x_CELL_000162,H1975,10x,10x
10x_CELL_000163,H2228,10x,10x
10x_CELL_000164,H1975,10x,10x
10x_CELL_000165,HCC827,10x,10x
10x_CELL_000166,H2228,10x,10x
10x_CELL_000167,H1975,10x,10x
10x_CELL_000168,H2228,10x,10x
10x_CELL_000169,H1975,10x,10x
10x_CELL_000170,HCC827,10x,10x
10x_CELL_000171,HCC827,10x,10x
10x_CELL_000172,H2228,10x,10x
10x_CELL_000173,H1975,10x,10x
10x_CELL_000174,HCC827,10x,10x
10x_CELL_000175,H2228,10x,10x
10x_CELL_000176,H2228,10x,10x
10x_CELL_000177,H2228,10x,10x
10x_CELL_000178,HCC827,10x,10x
10x_CELL_000179,HCC827,10x,10x
10x_CELL_000180,H1975,10x,10x
10x_CELL_000181,H2228,10x,10x
10x_CELL_000182,HCC827,10x,10x
10x_CELL_000183,HCC827,10x,10x
10x_CELL_000184,H1975,10x,10x
10x_CELL_000185,HCC827,10x,10x
10x_CELL_000186,H1975,10x,10x
10x_CELL_000187,HCC827,10x,10x
10x_CELL_000188,HCC827,10x,10x
10x_CELL_000189,H2228,10x,10x
10x_CELL_000190,HCC827,10x,10x
10x_CELL_000191,H2228,10x,10x
10x_CELL_000192,HCC827,10x,10x
10x_CELL_000193,H2228,10x,10x
10x_CELL_000194,H2228,10x,10x
10x_CELL_000195,H2228,10x,10x
10x_CELL_000196,H1975,10x,10x
10x_CELL_000197,H2228,10x,10x
10x_CELL_000198,HCC827,10x,10x
10x_CELL_000199,H1975,10x,10x
10x_CELL_000200,H2228,10x,10x
10x_CELL_000201,HCC827,10x,10x
10x_CELL_000202,H2228,10x,10x
10x_CELL_000203,HCC827,10x,10x
10x_CELL_000204,HCC827,10x,10x
10x_CELL_000205,H1975,10x,10x
10x_CELL_000206,H1975,10x,10x
10x_CELL_000207,HCC827,10x,10x
10x_CELL_000208,H2228,10x,10x
10x_CELL_000209,HCC827,10x,10x
10x_CELL_000210,H1975,10x,10x
10x_CELL_000211,H1975,10x,10x
10x_CELL_000212,H1975,10x,10x
10x_CELL_000213,HCC827,10x,10x
10x_CELL_000214,H1975,10x,10x
10x_CELL_000215,HCC827,10x,10x
10x_CELL_000216,H2228,10x,10x
10x_CELL_000217,H1975,10x,10x
10x_CELL_000218,H1975,10x,10x
10x_CELL_000219,H2228,10x,10x
10x_CELL_000220,H2228,10x,10x
10x_CELL_000221,H1975,10x,10x
10x_CELL_000222,HCC827,10x,10x
10x_CELL_000223,HCC827,10x,10x
10x_CELL_000224,H1975,10x,10x
10x_CELL_000225,HCC827,10x,10x
10x_CELL_000226,HCC827,10x,10x
10x_CELL_000227,H1975,10x,10x
10x_CELL_000228,H2228,10x,10x
10x_CELL_000229,HCC827,10x,10x
10x_CELL_000230,H1975,10x,10x
10x_CELL_000231,HCC827,10x,10x
10x_CELL_000232,HCC827,10x,10x
10x_CELL_000233,H1975,10x,10x
10x_CELL_000234,HCC827,10x,10x
10x_CELL_000235,H1975,10x,10x
10x_CELL_000236,HCC827,10x,10x
10x_CELL_000237,H2228,10x,10x
10x_CELL_000238,H1975,10x,10x
10x_CELL_000239,H2228,10x,10x
10x_CELL_000240,H2228,10x,10x
10x_CELL_000241,HCC827,10x,10x
10x_CELL_000242,H1975,10x,10x
10x_CELL_000243,H1975,10x,10x
10x_CELL_000244,HCC827,10x,10x
10x_CELL_000245,HCC827,10x,10x
10x_CELL_000246,H2228,10x,10x
10x_CELL_000247,H1975,10x,10x
10x_CELL_000248,HCC827,10x,10x
10x_CELL_000249,H1975,10x,10x
10x_CELL_000250,H2228,10x,10x
10x_CELL_000251,HCC827,10x,10x
10x_CELL_000252,HCC827,10x,10x
10x_CELL_000253,H1975,10x,10x
10x_CELL_000254,H2228,10x,10x
10x_CELL_000255,HCC827,10x,10x
10x_CELL_000256,HCC827,10x,10x
10x_CELL_000257,H1975,10x,10x
10x_CELL_000258,H1975,10x,10x
10x_CELL_000259,HCC827,10x,10x
10x_CELL_000260,H1975,10x,10x
10x_CELL_000261,HCC827,10x,10x
10x_CELL_000262,H2228,10x,10x
10x_CELL_000263,HCC827,10x,10x
10x_CELL_000264,H1975,10x,10x
10x_CELL_000265,H1975,10x,10x
10x_CELL_000266,HCC827,10x,10x
10x_CELL_000267,HCC827,10x,10x
10x_CELL_000268,H1975,10x,10x
10x_CELL_000269,HCC827,10x,10x
10x_CELL_000270,HCC827,10x,10x
10x_CELL_000271,HCC827,10x,10x
10x_CELL_000272,HCC827,10x,10x
10x_CELL_000273,H2228,10x,10x
10x_CELL_000274,H1975,10x,10x
10x_CELL_000275,HCC827,10x,10x
10x_CELL_000276,H1975,10x,10x
10x_CELL_000277,HCC827,10x,10x
10x_CELL_000278,H2228,10x,10x
10x_CELL_000279,HCC827,10x,10x
10x_CELL_000280,H2228,10x,10x
10x_CELL_000281,HCC827,10x,10x
10x_CELL_000282,H2228,10x,10x
10x_CELL_000283,HCC827,10x,10x
10x_CELL_000284,HCC827,10x,10x
10x_CELL_000285,HCC827,10x,10x
10x_CELL_000286,H1975,10x,10x
10x_CELL_000287,H1975,10x,10x
10x_CELL_000288,H1975,10x,10x
10x_CELL_000289,HCC827,10x,10x
10x_CELL_000290,H1975,10x,10x
10x_CELL_000291,H2228,10x,10x
10x_CELL_000292,H2228,10x,10x
10x_CELL_000293,H1975,10x,10x
10x_CELL_000294,HCC827,10x,10x
10x_CELL_000295,H1975,10x,10x
10x_CELL_000296,H1975,10x,10x
10x_CELL_000297,H1975,10x,10x
10x_CELL_000298,H1975,10x,10x
10x_CELL_000299,H1975,10x,10x
10x_CELL_000300,HCC827,10x,10x
10x_CELL_000301,HCC827,10x,10x
10x_CELL_000302,HCC827,10x,10x
10x_CELL_000303,HCC827,10x,10x
10x_CELL_000304,HCC827,10x,10x
10x_CELL_000305,H1975,10x,10x
10x_CELL_000306,H1975,10x,10x
10x_CELL_000307,H2228,10x,10x
10x_CELL_000308,H2228,10x,10x
10x_CELL_000309,HCC827,10x,10x
10x_CELL_000310,H1975,10x,10x
10x_CELL_000311,H2228,10x,10x
10x_CELL_000312,HCC827,10x,10x
10x_CELL_000313,H2228,10x,10x
10x_CELL_000314,H1975,10x,10x
10x_CELL_000315,H2228,10x,10x
10x_CELL_000316,HCC827,10x,10x
10x_CELL_000317,H2228,10x,10x
10x_CELL_000318,HCC827,10x,10x
10x_CELL_000319,H2228,10x,10x
10x_CELL_000320,HCC827,10x,10x
10x_CELL_000321,H1975,10x,10x
10x_CELL_000322,H2228,10x,10x
10x_CELL_000323,HCC827,10x,10x
10x_CELL_000324,H1975,10x,10x
10x_CELL_000325,H2228,10x,10x
10x_CELL_000326,HCC827,10x,10x
10x_CELL_000327,H1975,10x,10x
10x_CELL_000328,HCC827,10x,10x
10x_CELL_000329,HCC827,10x,10x
10x_CELL_000330,H2228,10x,10x
10x_CELL_000331,H1975,10x,10x
10x_CELL_000332,H2228,10x,10x
10x_CELL_000333,H2228,10x,10x
10x_CELL_000334,HCC827,10x,10x
10x_CELL_000335,H2228,10x,10x
10x_CELL_000336,H2228,10x,10x
10x_CELL_000337,H2228,10x,10x
10x_CELL_000338,H2228,10x,10x
10x_CELL_000339,H2228,10x,10x
10x_CELL_000340,H2228,10x,10x
10x_CELL_000341,HCC827,10x,10x
10x_CELL_000342,H1975,10x,10x
10x_CELL_000343,H1975,10x,10x
10x_CELL_000344,H1975,10x,10x
10x_CELL_000345,H2228,10x,10x
10x_CELL_000346,HCC827,10x,10x
10x_CELL_000347,H2228,10x,10x
10x_CELL_000348,H1975,10x,10x
10x_CELL_000349,H1975,10x,10x
10x_CELL_000350,H2228,10x,10x
10x_CELL_000351,HCC827,10x,10x
10x_CELL_000352,HCC827,10x,10x
10x_CELL_000353,HCC827,10x,10x
10x_CELL_000354,HCC827,10x,10x
10x_CELL_000355,H2228,10x,10x
10x_CELL_000356,H1975,10x,10x
10x_CELL_000357,H2228,10x,10x
10x_CELL_000358,HCC827,10x,10x
10x_CELL_000359,H2228,10x,10x
10x_CELL_000360,H2228,10x,10x
10x_CELL_000361,H2228,10x,10x
10x_CELL_000362,H2228,10x,10x
10x_CELL_000363,H2228,10x,10x
10x_CELL_000364,H1975,10x,10x
10x_CELL_000365,HCC827,10x,10x
10x_CELL_000366,HCC827,10x,10x
10x_CELL_000367,HCC827,10x,10x
10x_CELL_000368,H2228,10x,10x
10x_CELL_000369,HCC827,10x,10x
10x_CELL_000370,HCC827,10x,10x
10x_CELL_000371,HCC827,10x,10x
10x_CELL_000372,H1975,10x,10x
10x_CELL_000373,HCC827,10x,10x
10x_CELL_000374,H2228,10x,10x
10x_CELL_000375,HCC827,10x,10x
10x_CELL_000376,H2228,10x,10x
10x_CELL_000377,H1975,10x,10x
10x_CELL_000378,H2228,10x,10x
10x_CELL_000379,H2228,10x,10x
10x_CELL_000380,HCC827,10x,10x
10x_CELL_000381,HCC827,10x,10x
10x_CELL_000382,H1975,10x,10x
10x_CELL_000383,HCC827,10x,10x
10x_CELL_000384,HCC827,10x,10x
10x_CELL_000385,HCC827,10x,10x
10x_CELL_000386,H2228,10x,10x
10x_CELL_000387,H1975,10x,10x
10x_CELL_000388,HCC827,10x,10x
10x_CELL_000389,H1975,10x,10x
10x_CELL_000390,HCC827,10x,10x
10x_CELL_000391,HCC827,10x,10x
10x_CELL_000392,H2228,10x,10x
10x_CELL_000393,H2228,10x,10x
10x_CELL_000394,H2228,10x,10x
10x_CELL_000395,H2228,10x,10x
10x_CELL_000396,HCC827,10x,10x
10x_CELL_000397,H1975,10x,10x
10x_CELL_000398,H2228,10x,10x
10x_CELL_000399,H2228,10x,10x
10x_CELL_000400,H2228,10x,10x
10x_CELL_000401,H1975,10x,10x
10x_CELL_000402,H1975,10x,10x
10x_CELL_000403,H1975,10x,10x
10x_CELL_000404,H1975,10x,10x
10x_CELL_000405,H1975,10x,10x
10x_CELL_000406,H1975,10x,10x
10x_CELL_000407,H2228,10x,10x
10x_CELL_000408,H2228,10x,10x
10x_CELL_000409,HCC827,10x,10x
10x_CELL_000410,H2228,10x,10x
10x_CELL_000411,H2228,10x,10x
10x_CELL_000412,H1975,10x,10x
10x_CELL_000413,H1975,10x,10x
10x_CELL_000414,H1975,10x,10x
10x_CELL_000415,H1975,10x,10x
10x_CELL_000416,H1975,10x,10x
10x_CELL_000417,H1975,10x,10x
10x_CELL_000418,H1975,10x,10x
10x_CELL_000419,H2228,10x,10x
10x_CELL_000420,H1975,10x,10x
10x_CELL_000421,H1975,10x,10x
10x_CELL_000422,H1975,10x,10x
10x_CELL_000423,HCC827,10x,10x
10x_CELL_000424,H1975,10x,10x
10x_CELL_000425,HCC827,10x,10x
10x_CELL_000426,H2228,10x,10x
10x_CELL_000427,H1975,10x,10x
10x_CELL_000428,HCC827,10x,10x
10x_CELL_000429,HCC827,10x,10x
10x_CELL_000430,H2228,10x,10x
10x_CELL_000431,H1975,10x,10x
10x_CELL_000432,H2228,10x,10x
10x_CELL_000433,HCC827,10x,10x
10x_CELL_000434,H1975,10x,10x
10x_CELL_000435,H2228,10x,10x
10x_CELL_000436,H2228,10x,10x
10x_CELL_000437,HCC827,10x,10x
10x_CELL_000438,H2228,10x,10x
10x_CELL_000439,H2228,10x,10x
10x_CELL_000440,H1975,10x,10x
10x_CELL_000441,H2228,10x,10x
10x_CELL_000442,H1975,10x,10x
10x_CELL_000443,HCC827,10x,10x
10x_CELL_000444,H1975,10x,10x
10x_CELL_000445,H2228,10x,10x
10x_CELL_000446,H1975,10x,10x
10x_CELL_000447,H2228,10x,10x
10x_CELL_000448,H2228,10x,10x
10x_CELL_000449,H2228,10x,10x
10x_CELL_000450,H1975,10x,10x
10x_CELL_000451,HCC827,10x,10x
10x_CELL_000452,H1975,10x,10x
10x_CELL_000454,HCC827,10x,10x
10x_CELL_000455,HCC827,10x,10x
10x_CELL_000456,H1975,10x,10x
10x_CELL_000457,H1975,10x,10x
10x_CELL_000458,HCC827,10x,10x
10x_CELL_000459,H1975,10x,10x
10x_CELL_000460,H1975,10x,10x
10x_CELL_000461,H1975,10x,10x
10x_CELL_000462,HCC827,10x,10x
10x_CELL_000463,H1975,10x,10x
10x_CELL_000464,H2228,10x,10x
10x_CELL_000465,H1975,10x,10x
10x_CELL_000466,H1975,10x,10x
10x_CELL_000467,H2228,10x,10x
10x_CELL_000468,HCC827,10x,10x
10x_CELL_000469,HCC827,10x,10x
10x_CELL_000470,H1975,10x,10x
10x_CELL_000471,H1975,10x,10x
10x_CELL_000472,H2228,10x,10x
10x_CELL_000473,H2228,10x,10x
10x_CELL_000474,HCC827,10x,10x
10x_CELL_000475,H1975,10x,10x
10x_CELL_000476,H1975,10x,10x
10x_CELL_000477,H2228,10x,10x
10x_CELL_000478,H2228,10x,10x
10x_CELL_000479,H1975,10x,10x
10x_CELL_000480,H1975,10x,10x
10x_CELL_000481,HCC827,10x,10x
10x_CELL_000482,H1975,10x,10x
10x_CELL_000483,HCC827,10x,10x
10x_CELL_000484,H1975,10x,10x
10x_CELL_000485,H1975,10x,10x
10x_CELL_000486,H2228,10x,10x
10x_CELL_000487,H2228,10x,10x
10x_CELL_000488,H1975,10x,10x
10x_CELL_000489,H2228,10x,10x
10x_CELL_000490,H2228,10x,10x
10x_CELL_000491,HCC827,10x,10x
10x_CELL_000492,H1975,10x,10x
10x_CELL_000493,HCC827,10x,10x
10x_CELL_000494,H2228,10x,10x
10x_CELL_000495,H2228,10x,10x
10x_CELL_000496,HCC827,10x,10x
10x_CELL_000497,H1975,10x,10x
10x_CELL_000498,HCC827,10x,10x
10x_CELL_000499,H2228,10x,10x
10x_CELL_000500,H1975,10x,10x
10x_CELL_000501,H2228,10x,10x
10x_CELL_000502,HCC827,10x,10x
10x_CELL_000503,HCC827,10x,10x
10x_CELL_000504,H1975,10x,10x
10x_CELL_000505,HCC827,10x,10x
10x_CELL_000506,H2228,10x,10x
10x_CELL_000507,H2228,10x,10x
10x_CELL_000508,H1975,10x,10x
10x_CELL_000509,H1975,10x,10x
10x_CELL_000510,H2228,10x,10x
10x_CELL_000511,H2228,10x,10x
10x_CELL_000512,HCC827,10x,10x
10x_CELL_000513,H2228,10x,10x
10x_CELL_000514,H2228,10x,10x
10x_CELL_000515,H2228,10x,10x
10x_CELL_000516,H2228,10x,10x
10x_CELL_000517,H2228,10x,10x
10x_CELL_000518,H1975,10x,10x
10x_CELL_000519,H1975,10x,10x
10x_CELL_000520,H2228,10x,10x
10x_CELL_000521,H1975,10x,10x
10x_CELL_000522,H2228,10x,10x
10x_CELL_000523,H2228,10x,10x
10x_CELL_000524,H1975,10x,10x
10x_CELL_000525,H1975,10x,10x
10x_CELL_000526,HCC827,10x,10x
10x_CELL_000527,H2228,10x,10x
10x_CELL_000529,H2228,10x,10x
10x_CELL_000530,H2228,10x,10x
10x_CELL_000531,H2228,10x,10x
10x_CELL_000532,HCC827,10x,10x
10x_CELL_000533,H2228,10x,10x
10x_CELL_000534,HCC827,10x,10x
10x_CELL_000535,H1975,10x,10x
10x_CELL_000536,H2228,10x,10x
10x_CELL_000537,HCC827,10x,10x
10x_CELL_000538,H2228,10x,10x
10x_CELL_000540,HCC827,10x,10x
10x_CELL_000541,H1975,10x,10x
10x_CELL_000542,H2228,10x,10x
10x_CELL_000543,HCC827,10x,10x
10x_CELL_000544,H2228,10x,10x
10x_CELL_000545,H1975,10x,10x
10x_CELL_000546,H2228,10x,10x
10x_CELL_000547,H2228,10x,10x
10x_CELL_000548,H2228,10x,10x
10x_CELL_000549,H1975,10x,10x
10x_CELL_000550,HCC827,10x,10x
10x_CELL_000551,H2228,10x,10x
10x_CELL_000552,HCC827,10x,10x
10x_CELL_000553,HCC827,10x,10x
10x_CELL_000554,H1975,10x,10x
10x_CELL_000555,H1975,10x,10x
10x_CELL_000556,H1975,10x,10x
10x_CELL_000557,H2228,10x,10x
10x_CELL_000558,H2228,10x,10x
10x_CELL_000559,H2228,10x,10x
10x_CELL_000560,H2228,10x,10x
10x_CELL_000561,HCC827,10x,10x
10x_CELL_000562,H1975,10x,10x
10x_CELL_000563,H1975,10x,10x
10x_CELL_000564,H1975,10x,10x
10x_CELL_000565,H1975,10x,10x
10x_CELL_000566,H1975,10x,10x
10x_CELL_000567,H1975,10x,10x
10x_CELL_000568,H2228,10x,10x
10x_CELL_000569,H2228,10x,10x
10x_CELL_000570,H2228,10x,10x
10x_CELL_000571,H2228,10x,10x
10x_CELL_000572,H1975,10x,10x
10x_CELL_000573,H2228,10x,10x
10x_CELL_000574,HCC827,10x,10x
10x_CELL_000575,H1975,10x,10x
10x_CELL_000576,H1975,10x,10x
10x_CELL_000577,H1975,10x,10x
10x_CELL_000578,H1975,10x,10x
10x_CELL_000579,H1975,10x,10x
10x_CELL_000580,H2228,10x,10x
10x_CELL_000581,H2228,10x,10x
10x_CELL_000582,H1975,10x,10x
10x_CELL_000583,H1975,10x,10x
10x_CELL_000584,HCC827,10x,10x
10x_CELL_000585,H2228,10x,10x
10x_CELL_000586,HCC827,10x,10x
10x_CELL_000587,H1975,10x,10x
10x_CELL_000588,H2228,10x,10x
10x_CELL_000589,H2228,10x,10x
10x_CELL_000590,H2228,10x,10x
10x_CELL_000591,H2228,10x,10x
10x_CELL_000592,H1975,10x,10x
10x_CELL_000593,H2228,10x,10x
10x_CELL_000594,H2228,10x,10x
10x_CELL_000595,H1975,10x,10x
10x_CELL_000596,HCC827,10x,10x
10x_CELL_000597,H2228,10x,10x
10x_CELL_000598,HCC827,10x,10x
10x_CELL_000599,H2228,10x,10x
10x_CELL_000600,H2228,10x,10x
10x_CELL_000601,H2228,10x,10x
10x_CELL_000602,H2228,10x,10x
10x_CELL_000603,H1975,10x,10x
10x_CELL_000604,H1975,10x,10x
10x_CELL_000605,H1975,10x,10x
10x_CELL_000606,H1975,10x,10x
10x_CELL_000607,H1975,10x,10x
10x_CELL_000608,H1975,10x,10x
10x_CELL_000609,H2228,10x,10x
10x_CELL_000610,H1975,10x,10x
10x_CELL_000611,HCC827,10x,10x
10x_CELL_000612,H2228,10x,10x
10x_CELL_000613,H1975,10x,10x
10x_CELL_000614,H2228,10x,10x
10x_CELL_000615,H2228,10x,10x
10x_CELL_000616,H1975,10x,10x
10x_CELL_000617,H2228,10x,10x
10x_CELL_000618,H1975,10x,10x
10x_CELL_000619,H1975,10x,10x
10x_CELL_000620,HCC827,10x,10x
10x_CELL_000621,H1975,10x,10x
10x_CELL_000622,H1975,10x,10x
10x_CELL_000623,H1975,10x,10x
10x_CELL_000624,H1975,10x,10x
10x_CELL_000625,H2228,10x,10x
10x_CELL_000626,H2228,10x,10x
10x_CELL_000628,HCC827,10x,10x
10x_CELL_000629,H1975,10x,10x
10x_CELL_000630,H2228,10x,10x
10x_CELL_000631,H2228,10x,10x
10x_CELL_000632,HCC827,10x,10x
10x_CELL_000633,H1975,10x,10x
10x_CELL_000634,HCC827,10x,10x
10x_CELL_000635,H1975,10x,10x
10x_CELL_000636,HCC827,10x,10x
10x_CELL_000637,HCC827,10x,10x
10x_CELL_000639,H2228,10x,10x
10x_CELL_000640,H2228,10x,10x
10x_CELL_000641,H1975,10x,10x
10x_CELL_000642,H1975,10x,10x
10x_CELL_000643,H1975,10x,10x
10x_CELL_000644,H1975,10x,10x
10x_CELL_000645,H1975,10x,10x
10x_CELL_000646,H1975,10x,10x
10x_CELL_000647,H1975,10x,10x
10x_CELL_000648,H2228,10x,10x
10x_CELL_000649,HCC827,10x,10x
10x_CELL_000650,H2228,10x,10x
10x_CELL_000651,H1975,10x,10x
10x_CELL_000652,H2228,10x,10x
10x_CELL_000653,H2228,10x,10x
10x_CELL_000654,H1975,10x,10x
10x_CELL_000655,H2228,10x,10x
10x_CELL_000656,H2228,10x,10x
10x_CELL_000657,H1975,10x,10x
10x_CELL_000658,H1975,10x,10x
10x_CELL_000659,H2228,10x,10x
10x_CELL_000660,HCC827,10x,10x
10x_CELL_000661,H1975,10x,10x
10x_CELL_000662,H2228,10x,10x
10x_CELL_000663,H2228,10x,10x
10x_CELL_000664,H2228,10x,10x
10x_CELL_000665,H1975,10x,10x
10x_CELL_000666,H1975,10x,10x
10x_CELL_000667,H2228,10x,10x
10x_CELL_000668,H1975,10x,10x
10x_CELL_000669,H2228,10x,10x
10x_CELL_000671,H1975,10x,10x
10x_CELL_000672,H1975,10x,10x
10x_CELL_000673,HCC827,10x,10x
10x_CELL_000674,H2228,10x,10x
10x_CELL_000675,H2228,10x,10x
10x_CELL_000676,H2228,10x,10x
10x_CELL_000677,H1975,10x,10x
10x_CELL_000678,H1975,10x,10x
10x_CELL_000679,H1975,10x,10x
10x_CELL_000680,H1975,10x,10x
10x_CELL_000681,H1975,10x,10x
10x_CELL_000682,H2228,10x,10x
10x_CELL_000683,H2228,10x,10x
10x_CELL_000684,H2228,10x,10x
10x_CELL_000685,H2228,10x,10x
10x_CELL_000686,H2228,10x,10x
10x_CELL_000687,H2228,10x,10x
10x_CELL_000688,H2228,10x,10x
10x_CELL_000689,H2228,10x,10x
10x_CELL_000690,H1975,10x,10x
10x_CELL_000691,H2228,10x,10x
10x_CELL_000692,H2228,10x,10x
10x_CELL_000693,H1975,10x,10x
10x_CELL_000694,H1975,10x,10x
10x_CELL_000695,H1975,10x,10x
10x_CELL_000696,H1975,10x,10x
10x_CELL_000697,H2228,10x,10x
10x_CELL_000698,H2228,10x,10x
10x_CELL_000700,H2228,10x,10x
10x_CELL_000701,HCC827,10x,10x
10x_CELL_000702,H2228,10x,10x
10x_CELL_000703,H1975,10x,10x
10x_CELL_000704,H2228,10x,10x
10x_CELL_000705,HCC827,10x,10x
10x_CELL_000706,HCC827,10x,10x
10x_CELL_000707,H1975,10x,10x
10x_CELL_000708,H1975,10x,10x
10x_CELL_000709,H2228,10x,10x
10x_CELL_000710,H1975,10x,10x
10x_CELL_000711,H1975,10x,10x
10x_CELL_000712,HCC827,10x,10x
10x_CELL_000714,H2228,10x,10x
10x_CELL_000715,H2228,10x,10x
10x_CELL_000716,H1975,10x,10x
10x_CELL_000717,H1975,10x,10x
10x_CELL_000718,H1975,10x,10x
10x_CELL_000719,H1975,10x,10x
10x_CELL_000720,H2228,10x,10x
10x_CELL_000721,H2228,10x,10x
10x_CELL_000722,H2228,10x,10x
10x_CELL_000723,H1975,10x,10x
10x_CELL_000724,H1975,10x,10x
10x_CELL_000725,H1975,10x,10x
10x_CELL_000726,H2228,10x,10x
10x_CELL_000727,HCC827,10x,10x
10x_CELL_000728,H1975,10x,10x
10x_CELL_000729,H2228,10x,10x
10x_CELL_000730,H1975,10x,10x
10x_CELL_000731,H2228,10x,10x
10x_CELL_000732,H2228,10x,10x
10x_CELL_000733,HCC827,10x,10x
10x_CELL_000734,H2228,10x,10x
10x_CELL_000735,H1975,10x,10x
10x_CELL_000736,HCC827,10x,10x
10x_CELL_000737,H2228,10x,10x
10x_CELL_000738,H1975,10x,10x
10x_CELL_000739,H1975,10x,10x
10x_CELL_000740,H2228,10x,10x
10x_CELL_000741,H2228,10x,10x
10x_CELL_000742,HCC827,10x,10x
10x_CELL_000743,H1975,10x,10x
10x_CELL_000744,H2228,10x,10x
10x_CELL_000746,H1975,10x,10x
10x_CELL_000747,H1975,10x,10x
10x_CELL_000748,H1975,10x,10x
10x_CELL_000749,H1975,10x,10x
10x_CELL_000750,HCC827,10x,10x
10x_CELL_000751,H2228,10x,10x
10x_CELL_000752,H2228,10x,10x
10x_CELL_000753,H2228,10x,10x
10x_CELL_000754,H2228,10x,10x
10x_CELL_000755,HCC827,10x,10x
10x_CELL_000756,HCC827,10x,10x
10x_CELL_000757,H1975,10x,10x
10x_CELL_000758,H2228,10x,10x
10x_CELL_000759,H1975,10x,10x
10x_CELL_000760,H2228,10x,10x
10x_CELL_000761,H2228,10x,10x
10x_CELL_000762,HCC827,10x,10x
10x_CELL_000763,H2228,10x,10x
10x_CELL_000764,H2228,10x,10x
10x_CELL_000765,H2228,10x,10x
10x_CELL_000766,HCC827,10x,10x
10x_CELL_000767,H1975,10x,10x
10x_CELL_000768,H2228,10x,10x
10x_CELL_000770,H2228,10x,10x
10x_CELL_000771,H1975,10x,10x
10x_CELL_000772,H2228,10x,10x
10x_CELL_000774,H2228,10x,10x
10x_CELL_000775,H2228,10x,10x
10x_CELL_000776,H2228,10x,10x
10x_CELL_000777,H2228,10x,10x
10x_CELL_000778,H1975,10x,10x
10x_CELL_000779,HCC827,10x,10x
10x_CELL_000780,H2228,10x,10x
10x_CELL_000781,H2228,10x,10x
10x_CELL_000782,H2228,10x,10x
10x_CELL_000783,H1975,10x,10x
10x_CELL_000784,H2228,10x,10x
10x_CELL_000785,H2228,10x,10x
10x_CELL_000786,H2228,10x,10x
10x_CELL_000787,HCC827,10x,10x
10x_CELL_000788,H1975,10x,10x
10x_CELL_000789,H1975,10x,10x
10x_CELL_000790,H1975,10x,10x
10x_CELL_000791,H2228,10x,10x
10x_CELL_000792,H2228,10x,10x
10x_CELL_000793,H1975,10x,10x
10x_CELL_000794,H2228,10x,10x
10x_CELL_000795,H2228,10x,10x
10x_CELL_000796,H2228,10x,10x
10x_CELL_000797,H2228,10x,10x
10x_CELL_000798,H1975,10x,10x
10x_CELL_000799,H1975,10x,10x
10x_CELL_000800,HCC827,10x,10x
10x_CELL_000801,HCC827,10x,10x
10x_CELL_000802,H1975,10x,10x
10x_CELL_000803,H1975,10x,10x
10x_CELL_000804,H2228,10x,10x
10x_CELL_000805,H2228,10x,10x
10x_CELL_000806,H2228,10x,10x
10x_CELL_000807,H1975,10x,10x
10x_CELL_000808,H1975,10x,10x
10x_CELL_000809,H2228,10x,10x
10x_CELL_000810,H2228,10x,10x
10x_CELL_000811,H1975,10x,10x
10x_CELL_000812,H1975,10x,10x
10x_CELL_000813,H1975,10x,10x
10x_CELL_000814,H2228,10x,10x
10x_CELL_000815,H1975,10x,10x
10x_CELL_000816,H2228,10x,10x
10x_CELL_000817,HCC827,10x,10x
10x_CELL_000818,H2228,10x,10x
10x_CELL_000819,H2228,10x,10x
10x_CELL_000821,H1975,10x,10x
10x_CELL_000823,H1975,10x,10x
10x_CELL_000824,H2228,10x,10x
10x_CELL_000825,H2228,10x,10x
10x_CELL_000826,HCC827,10x,10x
10x_CELL_000827,HCC827,10x,10x
10x_CELL_000828,H2228,10x,10x
10x_CELL_000829,H1975,10x,10x
10x_CELL_000831,H2228,10x,10x
10x_CELL_000832,H2228,10x,10x
10x_CELL_000833,H2228,10x,10x
10x_CELL_000834,H2228,10x,10x
10x_CELL_000835,H2228,10x,10x
10x_CELL_000836,H1975,10x,10x
10x_CELL_000837,H2228,10x,10x
10x_CELL_000838,H2228,10x,10x
10x_CELL_000840,H2228,10x,10x
10x_CELL_000841,H1975,10x,10x
10x_CELL_000842,H1975,10x,10x
10x_CELL_000843,H2228,10x,10x
10x_CELL_000844,H1975,10x,10x
10x_CELL_000845,H1975,10x,10x
10x_CELL_000848,H2228,10x,10x
10x_CELL_000849,H2228,10x,10x
10x_CELL_000850,H1975,10x,10x
10x_CELL_000851,H2228,10x,10x
10x_CELL_000852,H1975,10x,10x
10x_CELL_000853,H2228,10x,10x
10x_CELL_000854,H1975,10x,10x
10x_CELL_000855,HCC827,10x,10x
10x_CELL_000856,H2228,10x,10x
10x_CELL_000857,H2228,10x,10x
10x_CELL_000858,H1975,10x,10x
10x_CELL_000859,H1975,10x,10x
10x_CELL_000860,H2228,10x,10x
10x_CELL_000861,HCC827,10x,10x
10x_CELL_000862,HCC827,10x,10x
10x_CELL_000864,H2228,10x,10x
10x_CELL_000865,HCC827,10x,10x
10x_CELL_000867,H2228,10x,10x
10x_CELL_000869,H1975,10x,10x
10x_CELL_000870,H1975,10x,10x
10x_CELL_000871,H2228,10x,10x
10x_CELL_000874,H1975,10x,10x
10x_CELL_000875,H2228,10x,10x
10x_CELL_000878,H2228,10x,10x
10x_CELL_000879,H1975,10x,10x
10x_CELL_000880,H1975,10x,10x
10x_CELL_000881,H2228,10x,10x
10x_CELL_000882,H1975,10x,10x
10x_CELL_000883,HCC827,10x,10x
10x_CELL_000885,H1975,10x,10x
10x_CELL_000886,H1975,10x,10x
10x_CELL_000887,H2228,10x,10x
10x_CELL_000889,H1975,10x,10x
10x_CELL_000891,H1975,10x,10x
10x_CELL_000892,HCC827,10x,10x
10x_CELL_000893,H2228,10x,10x
10x_CELL_000894,HCC827,10x,10x
10x_CELL_000895,H1975,10x,10x
10x_CELL_000897,H2228,10x,10x
10x_CELL_000898,H1975,10x,10x
10x_CELL_000900,H2228,10x,10x
10x_CELL_000901,H1975,10x,10x
10x_CELL_000902,H2228,10x,10x
10x_CELL_000903,H2228,10x,10x
10x_CELL_000905,H2228,10x,10x
10x_CELL_000906,HCC827,10x,10x
10x_CELL_000907,HCC827,10x,10x
10x_CELL_000908,H2228,10x,10x
10x_CELL_000909,H2228,10x,10x
10x_CELL_000910,H1975,10x,10x
10x_CELL_000912,H2228,10x,10x
10x_CELL_000913,H1975,10x,10x
10x_CELL_000914,H1975,10x,10x
10x_CELL_000917,H1975,10x,10x
10x_CELL_000918,HCC827,10x,10x
10x_CELL_000921,H2228,10x,10x
10x_CELL_000922,H1975,10x,10x
10x_CELL_000923,H2228,10x,10x
10x_CELL_000926,H1975,10x,10x
10x_CELL_000927,HCC827,10x,10x
10x_CELL_000929,H1975,10x,10x
10x_CELL_000930,H2228,10x,10x
10x_CELL_000931,H1975,10x,10x
10x_CELL_000932,H1975,10x,10x
10x_CELL_000933,HCC827,10x,10x
10x_CELL_000934,H2228,10x,10x
10x_CELL_000935,HCC827,10x,10x
10x_CELL_000939,H1975,10x,10x
10x_CELL_000943,H1975,10x,10x
10x_CELL_000946,H2228,10x,10x
10x_CELL_000955,HCC827,10x,10x
10x_CELL_000965,HCC827,10x,10x
celseq2_A1,H1975,celseq2,celseq2
celseq2_A10,H2228,celseq2,celseq2
celseq2_A11,HCC827,celseq2,celseq2
celseq2_A13,H2228,celseq2,celseq2
celseq2_A14,HCC827,celseq2,celseq2
celseq2_A15,H1975,celseq2,celseq2
celseq2_A16,H2228,celseq2,celseq2
celseq2_A18,HCC827,celseq2,celseq2
celseq2_A2,H2228,celseq2,celseq2
celseq2_A20,H1975,celseq2,celseq2
celseq2_A21,H2228,celseq2,celseq2
celseq2_A3,HCC827,celseq2,celseq2
celseq2_A4,H1975,celseq2,celseq2
celseq2_A5,H1975,celseq2,celseq2
celseq2_A6,HCC827,celseq2,celseq2
celseq2_A7,HCC827,celseq2,celseq2
celseq2_A8,H1975,celseq2,celseq2
celseq2_B1,H1975,celseq2,celseq2
celseq2_B10,HCC827,celseq2,celseq2
celseq2_B11,HCC827,celseq2,celseq2
celseq2_B12,HCC827,celseq2,celseq2
celseq2_B13,H1975,celseq2,celseq2
celseq2_B14,HCC827,celseq2,celseq2
celseq2_B16,H1975,celseq2,celseq2
celseq2_B17,H2228,celseq2,celseq2
celseq2_B18,H2228,celseq2,celseq2
celseq2_B19,H1975,celseq2,celseq2
celseq2_B2,HCC827,celseq2,celseq2
celseq2_B20,H1975,celseq2,celseq2
celseq2_B21,H2228,celseq2,celseq2
celseq2_B22,H2228,celseq2,celseq2
celseq2_B24,H1975,celseq2,celseq2
celseq2_B3,HCC827,celseq2,celseq2
celseq2_B4,H2228,celseq2,celseq2
celseq2_B5,HCC827,celseq2,celseq2
celseq2_B7,HCC827,celseq2,celseq2
celseq2_B8,H1975,celseq2,celseq2
celseq2_B9,HCC827,celseq2,celseq2
celseq2_C10,H1975,celseq2,celseq2
celseq2_C11,H2228,celseq2,celseq2
celseq2_C12,HCC827,celseq2,celseq2
celseq2_C13,H2228,celseq2,celseq2
celseq2_C14,H1975,celseq2,celseq2
celseq2_C15,H1975,celseq2,celseq2
celseq2_C16,HCC827,celseq2,celseq2
celseq2_C17,H2228,celseq2,celseq2
celseq2_C18,H1975,celseq2,celseq2
celseq2_C19,H2228,celseq2,celseq2
celseq2_C21,H2228,celseq2,celseq2
celseq2_C22,H2228,celseq2,celseq2
celseq2_C23,H1975,celseq2,celseq2
celseq2_C24,HCC827,celseq2,celseq2
celseq2_C6,H1975,celseq2,celseq2
celseq2_C8,H2228,celseq2,celseq2
celseq2_D1,H2228,celseq2,celseq2
celseq2_D10,H2228,celseq2,celseq2
celseq2_D11,H2228,celseq2,celseq2
celseq2_D14,H1975,celseq2,celseq2
celseq2_D15,H2228,celseq2,celseq2
celseq2_D16,H1975,celseq2,celseq2
celseq2_D17,H1975,celseq2,celseq2
celseq2_D18,H2228,celseq2,celseq2
celseq2_D19,HCC827,celseq2,celseq2
celseq2_D2,H2228,celseq2,celseq2
celseq2_D20,H1975,celseq2,celseq2
celseq2_D21,HCC827,celseq2,celseq2
celseq2_D22,H2228,celseq2,celseq2
celseq2_D3,H2228,celseq2,celseq2
celseq2_D4,H1975,celseq2,celseq2
celseq2_D5,HCC827,celseq2,celseq2
celseq2_D6,H1975,celseq2,celseq2
celseq2_D7,HCC827,celseq2,celseq2
celseq2_D8,H1975,celseq2,celseq2
celseq2_D9,H1975,celseq2,celseq2
celseq2_E11,H1975,celseq2,celseq2
celseq2_E12,H1975,celseq2,celseq2
celseq2_E13,H1975,celseq2,celseq2
celseq2_E14,H2228,celseq2,celseq2
celseq2_E16,HCC827,celseq2,celseq2
celseq2_E17,H1975,celseq2,celseq2
celseq2_E18,H2228,celseq2,celseq2
celseq2_E19,HCC827,celseq2,celseq2
celseq2_E20,H2228,celseq2,celseq2
celseq2_E22,H2228,celseq2,celseq2
celseq2_E23,H2228,celseq2,celseq2
celseq2_E24,H2228,celseq2,celseq2
celseq2_E4,HCC827,celseq2,celseq2
celseq2_E5,H1975,celseq2,celseq2
celseq2_E6,HCC827,celseq2,celseq2
celseq2_E8,H2228,celseq2,celseq2
celseq2_E9,H2228,celseq2,celseq2
celseq2_F1,H1975,celseq2,celseq2
celseq2_F10,HCC827,celseq2,celseq2
celseq2_F11,HCC827,celseq2,celseq2
celseq2_F12,H2228,celseq2,celseq2
celseq2_F13,H2228,celseq2,celseq2
celseq2_F14,HCC827,celseq2,celseq2
celseq2_F17,HCC827,celseq2,celseq2
celseq2_F18,H1975,celseq2,celseq2
celseq2_F19,H1975,celseq2,celseq2
celseq2_F2,HCC827,celseq2,celseq2
celseq2_F20,H1975,celseq2,celseq2
celseq2_F21,HCC827,celseq2,celseq2
celseq2_F22,H1975,celseq2,celseq2
celseq2_F23,H2228,celseq2,celseq2
celseq2_F24,H2228,celseq2,celseq2
celseq2_F3,H1975,celseq2,celseq2
celseq2_F4,H1975,celseq2,celseq2
celseq2_F5,H2228,celseq2,celseq2
celseq2_F6,H1975,celseq2,celseq2
celseq2_F7,HCC827,celseq2,celseq2
celseq2_F8,H1975,celseq2,celseq2
celseq2_G10,HCC827,celseq2,celseq2
celseq2_G11,HCC827,celseq2,celseq2
celseq2_G12,HCC827,celseq2,celseq2
celseq2_G13,HCC827,celseq2,celseq2
celseq2_G14,H1975,celseq2,celseq2
celseq2_G15,H1975,celseq2,celseq2
celseq2_G16,H1975,celseq2,celseq2
celseq2_G17,H2228,celseq2,celseq2
celseq2_G18,H2228,celseq2,celseq2
celseq2_G19,H1975,celseq2,celseq2
celseq2_G20,H1975,celseq2,celseq2
celseq2_G21,HCC827,celseq2,celseq2
celseq2_G22,H1975,celseq2,celseq2
celseq2_G23,H1975,celseq2,celseq2
celseq2_G24,HCC827,celseq2,celseq2
celseq2_G6,HCC827,celseq2,celseq2
celseq2_G7,H1975,celseq2,celseq2
celseq2_G8,H2228,celseq2,celseq2
celseq2_G9,H1975,celseq2,celseq2
celseq2_H1,H2228,celseq2,celseq2
celseq2_H10,HCC827,celseq2,celseq2
celseq2_H11,H1975,celseq2,celseq2
celseq2_H12,H1975,celseq2,celseq2
celseq2_H13,H2228,celseq2,celseq2
celseq2_H15,H1975,celseq2,celseq2
celseq2_H17,H2228,celseq2,celseq2
celseq2_H18,H1975,celseq2,celseq2
celseq2_H19,H1975,celseq2,celseq2
celseq2_H2,H2228,celseq2,celseq2
celseq2_H20,HCC827,celseq2,celseq2
celseq2_H21,HCC827,celseq2,celseq2
celseq2_H22,H1975,celseq2,celseq2
celseq2_H23,H1975,celseq2,celseq2
celseq2_H3,H2228,celseq2,celseq2
celseq2_H4,H1975,celseq2,celseq2
celseq2_H5,H2228,celseq2,celseq2
celseq2_H6,H1975,celseq2,celseq2
celseq2_H7,HCC827,celseq2,celseq2
celseq2_H8,H2228,celseq2,celseq2
celseq2_H9,H1975,celseq2,celseq2
celseq2_I10,H1975,celseq2,celseq2
celseq2_I11,H1975,celseq2,celseq2
celseq2_I12,H1975,celseq2,celseq2
celseq2_I13,HCC827,celseq2,celseq2
celseq2_I14,H1975,celseq2,celseq2
celseq2_I15,H1975,celseq2,celseq2
celseq2_I16,H2228,celseq2,celseq2
celseq2_I18,HCC827,celseq2,celseq2
celseq2_I20,H1975,celseq2,celseq2
celseq2_I21,HCC827,celseq2,celseq2
celseq2_I22,H2228,celseq2,celseq2
celseq2_I23,H1975,celseq2,celseq2
celseq2_I24,HCC827,celseq2,celseq2
celseq2_I7,H2228,celseq2,celseq2
celseq2_I8,HCC827,celseq2,celseq2
celseq2_J19,H1975,celseq2,celseq2
celseq2_J2,H1975,celseq2,celseq2
celseq2_J20,H1975,celseq2,celseq2
celseq2_J21,H2228,celseq2,celseq2
celseq2_J22,HCC827,celseq2,celseq2
celseq2_J24,H2228,celseq2,celseq2
celseq2_J5,HCC827,celseq2,celseq2
celseq2_J7,HCC827,celseq2,celseq2
celseq2_J8,HCC827,celseq2,celseq2
celseq2_K10,HCC827,celseq2,celseq2
celseq2_K11,H1975,celseq2,celseq2
celseq2_K12,H2228,celseq2,celseq2
celseq2_K13,H2228,celseq2,celseq2
celseq2_K18,HCC827,celseq2,celseq2
celseq2_K20,HCC827,celseq2,celseq2
celseq2_K21,H1975,celseq2,celseq2
celseq2_K22,H1975,celseq2,celseq2
celseq2_K23,H1975,celseq2,celseq2
celseq2_K24,H1975,celseq2,celseq2
celseq2_K3,H1975,celseq2,celseq2
celseq2_K4,H1975,celseq2,celseq2
celseq2_K7,HCC827,celseq2,celseq2
celseq2_K8,H1975,celseq2,celseq2
celseq2_K9,H2228,celseq2,celseq2
celseq2_L1,H2228,celseq2,celseq2
celseq2_L12,HCC827,celseq2,celseq2
celseq2_L13,H2228,celseq2,celseq2
celseq2_L14,H1975,celseq2,celseq2
celseq2_L17,HCC827,celseq2,celseq2
celseq2_L18,H2228,celseq2,celseq2
celseq2_L19,H1975,celseq2,celseq2
celseq2_L2,H2228,celseq2,celseq2
celseq2_L20,H1975,celseq2,celseq2
celseq2_L22,H1975,celseq2,celseq2
celseq2_L23,HCC827,celseq2,celseq2
celseq2_L3,H2228,celseq2,celseq2
celseq2_L4,H2228,celseq2,celseq2
celseq2_L5,H2228,celseq2,celseq2
celseq2_L6,H1975,celseq2,celseq2
celseq2_L8,HCC827,celseq2,celseq2
celseq2_L9,H1975,celseq2,celseq2
celseq2_M11,H2228,celseq2,celseq2
celseq2_M12,HCC827,celseq2,celseq2
celseq2_M13,H2228,celseq2,celseq2
celseq2_M15,H2228,celseq2,celseq2
celseq2_M16,HCC827,celseq2,celseq2
celseq2_M20,HCC827,celseq2,celseq2
celseq2_M21,H1975,celseq2,celseq2
celseq2_M22,HCC827,celseq2,celseq2
celseq2_M24,H1975,celseq2,celseq2
celseq2_M4,HCC827,celseq2,celseq2
celseq2_M5,H1975,celseq2,celseq2
celseq2_M6,H1975,celseq2,celseq2
celseq2_M7,H1975,celseq2,celseq2
celseq2_M8,H2228,celseq2,celseq2
celseq2_M9,H1975,celseq2,celseq2
celseq2_N1,H2228,celseq2,celseq2
celseq2_N10,H2228,celseq2,celseq2
celseq2_N11,HCC827,celseq2,celseq2
celseq2_N13,H2228,celseq2,celseq2
celseq2_N17,HCC827,celseq2,celseq2
celseq2_N18,H1975,celseq2,celseq2
celseq2_N19,H2228,celseq2,celseq2
celseq2_N2,H2228,celseq2,celseq2
celseq2_N20,H1975,celseq2,celseq2
celseq2_N21,H2228,celseq2,celseq2
celseq2_N22,H1975,celseq2,celseq2
celseq2_N23,H1975,celseq2,celseq2
celseq2_N24,H1975,celseq2,celseq2
celseq2_N3,H1975,celseq2,celseq2
celseq2_N4,HCC827,celseq2,celseq2
celseq2_N5,HCC827,celseq2,celseq2
celseq2_N6,H1975,celseq2,celseq2
celseq2_N7,HCC827,celseq2,celseq2
celseq2_N8,H1975,celseq2,celseq2
celseq2_O10,H1975,celseq2,celseq2
celseq2_O11,HCC827,celseq2,celseq2
celseq2_O12,H2228,celseq2,celseq2
celseq2_O13,H2228,celseq2,celseq2
celseq2_O14,H1975,celseq2,celseq2
celseq2_O15,H1975,celseq2,celseq2
celseq2_O16,HCC827,celseq2,celseq2
celseq2_O17,H1975,celseq2,celseq2
celseq2_O18,H1975,celseq2,celseq2
celseq2_O20,H2228,celseq2,celseq2
celseq2_O21,H1975,celseq2,celseq2
celseq2_O24,H1975,celseq2,celseq2
celseq2_O5,HCC827,celseq2,celseq2
celseq2_O6,H1975,celseq2,celseq2
celseq2_O7,H2228,celseq2,celseq2
celseq2_O8,H2228,celseq2,celseq2
celseq2_P10,H1975,celseq2,celseq2
celseq2_P12,H2228,celseq2,celseq2
celseq2_P14,HCC827,celseq2,celseq2
celseq2_P15,H2228,celseq2,celseq2
celseq2_P16,HCC827,celseq2,celseq2
celseq2_P17,H1975,celseq2,celseq2
celseq2_P18,H1975,celseq2,celseq2
celseq2_P19,H1975,celseq2,celseq2
celseq2_P20,HCC827,celseq2,celseq2
celseq2_P22,HCC827,celseq2,celseq2
celseq2_P4,H1975,celseq2,celseq2
celseq2_P5,HCC827,celseq2,celseq2
celseq2_P6,H1975,celseq2,celseq2
celseq2_P7,H1975,celseq2,celseq2
celseq2_P8,H2228,celseq2,celseq2
celseq2_P9,H1975,celseq2,celseq2
dropseq_CELL_000001,H1975,dropseq,dropseq
dropseq_CELL_000002,HCC827,dropseq,dropseq
dropseq_CELL_000003,HCC827,dropseq,dropseq
dropseq_CELL_000004,HCC827,dropseq,dropseq
dropseq_CELL_000005,H1975,dropseq,dropseq
dropseq_CELL_000006,HCC827,dropseq,dropseq
dropseq_CELL_000007,H1975,dropseq,dropseq
dropseq_CELL_000008,H2228,dropseq,dropseq
dropseq_CELL_000009,H1975,dropseq,dropseq
dropseq_CELL_000010,HCC827,dropseq,dropseq
dropseq_CELL_000011,H1975,dropseq,dropseq
dropseq_CELL_000012,H1975,dropseq,dropseq
dropseq_CELL_000013,H2228,dropseq,dropseq
dropseq_CELL_000014,H1975,dropseq,dropseq
dropseq_CELL_000015,H1975,dropseq,dropseq
dropseq_CELL_000016,HCC827,dropseq,dropseq
dropseq_CELL_000017,HCC827,dropseq,dropseq
dropseq_CELL_000018,HCC827,dropseq,dropseq
dropseq_CELL_000019,H2228,dropseq,dropseq
dropseq_CELL_000020,H2228,dropseq,dropseq
dropseq_CELL_000021,HCC827,dropseq,dropseq
dropseq_CELL_000022,H2228,dropseq,dropseq
dropseq_CELL_000023,H1975,dropseq,dropseq
dropseq_CELL_000024,H1975,dropseq,dropseq
dropseq_CELL_000025,H1975,dropseq,dropseq
dropseq_CELL_000026,H2228,dropseq,dropseq
dropseq_CELL_000027,HCC827,dropseq,dropseq
dropseq_CELL_000028,H1975,dropseq,dropseq
dropseq_CELL_000029,H1975,dropseq,dropseq
dropseq_CELL_000030,H1975,dropseq,dropseq
dropseq_CELL_000031,H1975,dropseq,dropseq
dropseq_CELL_000032,HCC827,dropseq,dropseq
dropseq_CELL_000033,H2228,dropseq,dropseq
dropseq_CELL_000034,HCC827,dropseq,dropseq
dropseq_CELL_000035,H1975,dropseq,dropseq
dropseq_CELL_000036,H2228,dropseq,dropseq
dropseq_CELL_000037,H2228,dropseq,dropseq
dropseq_CELL_000038,HCC827,dropseq,dropseq
dropseq_CELL_000039,H1975,dropseq,dropseq
dropseq_CELL_000040,HCC827,dropseq,dropseq
dropseq_CELL_000041,H2228,dropseq,dropseq
dropseq_CELL_000042,H2228,dropseq,dropseq
dropseq_CELL_000043,H2228,dropseq,dropseq
dropseq_CELL_000044,H1975,dropseq,dropseq
dropseq_CELL_000045,H2228,dropseq,dropseq
dropseq_CELL_000046,HCC827,dropseq,dropseq
dropseq_CELL_000047,HCC827,dropseq,dropseq
dropseq_CELL_000048,HCC827,dropseq,dropseq
dropseq_CELL_000049,HCC827,dropseq,dropseq
dropseq_CELL_000050,H2228,dropseq,dropseq
dropseq_CELL_000051,H2228,dropseq,dropseq
dropseq_CELL_000053,HCC827,dropseq,dropseq
dropseq_CELL_000054,HCC827,dropseq,dropseq
dropseq_CELL_000055,H2228,dropseq,dropseq
dropseq_CELL_000056,H1975,dropseq,dropseq
dropseq_CELL_000057,H1975,dropseq,dropseq
dropseq_CELL_000058,H1975,dropseq,dropseq
dropseq_CELL_000059,HCC827,dropseq,dropseq
dropseq_CELL_000060,HCC827,dropseq,dropseq
dropseq_CELL_000061,H1975,dropseq,dropseq
dropseq_CELL_000062,H2228,dropseq,dropseq
dropseq_CELL_000063,H1975,dropseq,dropseq
dropseq_CELL_000064,H1975,dropseq,dropseq
dropseq_CELL_000065,HCC827,dropseq,dropseq
dropseq_CELL_000066,HCC827,dropseq,dropseq
dropseq_CELL_000067,HCC827,dropseq,dropseq
dropseq_CELL_000068,H2228,dropseq,dropseq
dropseq_CELL_000069,H2228,dropseq,dropseq
dropseq_CELL_000070,H1975,dropseq,dropseq
dropseq_CELL_000071,HCC827,dropseq,dropseq
dropseq_CELL_000072,H1975,dropseq,dropseq
dropseq_CELL_000073,H2228,dropseq,dropseq
dropseq_CELL_000074,H1975,dropseq,dropseq
dropseq_CELL_000075,H2228,dropseq,dropseq
dropseq_CELL_000076,H1975,dropseq,dropseq
dropseq_CELL_000077,H1975,dropseq,dropseq
dropseq_CELL_000078,H1975,dropseq,dropseq
dropseq_CELL_000079,HCC827,dropseq,dropseq
dropseq_CELL_000080,H1975,dropseq,dropseq
dropseq_CELL_000081,H2228,dropseq,dropseq
dropseq_CELL_000082,HCC827,dropseq,dropseq
dropseq_CELL_000083,HCC827,dropseq,dropseq
dropseq_CELL_000084,HCC827,dropseq,dropseq
dropseq_CELL_000085,HCC827,dropseq,dropseq
dropseq_CELL_000086,HCC827,dropseq,dropseq
dropseq_CELL_000087,H1975,dropseq,dropseq
dropseq_CELL_000088,HCC827,dropseq,dropseq
dropseq_CELL_000089,H1975,dropseq,dropseq
dropseq_CELL_000090,H1975,dropseq,dropseq
dropseq_CELL_000091,H2228,dropseq,dropseq
dropseq_CELL_000092,HCC827,dropseq,dropseq
dropseq_CELL_000093,HCC827,dropseq,dropseq
dropseq_CELL_000094,HCC827,dropseq,dropseq
dropseq_CELL_000095,HCC827,dropseq,dropseq
dropseq_CELL_000096,H1975,dropseq,dropseq
dropseq_CELL_000097,H2228,dropseq,dropseq
dropseq_CELL_000098,HCC827,dropseq,dropseq
dropseq_CELL_000099,H2228,dropseq,dropseq
dropseq_CELL_000100,HCC827,dropseq,dropseq
dropseq_CELL_000101,H2228,dropseq,dropseq
dropseq_CELL_000102,HCC827,dropseq,dropseq
dropseq_CELL_000103,H2228,dropseq,dropseq
dropseq_CELL_000104,HCC827,dropseq,dropseq
dropseq_CELL_000105,HCC827,dropseq,dropseq
dropseq_CELL_000106,H2228,dropseq,dropseq
dropseq_CELL_000108,HCC827,dropseq,dropseq
dropseq_CELL_000109,H2228,dropseq,dropseq
dropseq_CELL_000110,H1975,dropseq,dropseq
dropseq_CELL_000111,HCC827,dropseq,dropseq
dropseq_CELL_000112,HCC827,dropseq,dropseq
dropseq_CELL_000113,HCC827,dropseq,dropseq
dropseq_CELL_000114,H2228,dropseq,dropseq
dropseq_CELL_000115,HCC827,dropseq,dropseq
dropseq_CELL_000116,H1975,dropseq,dropseq
dropseq_CELL_000117,H1975,dropseq,dropseq
dropseq_CELL_000118,H2228,dropseq,dropseq
dropseq_CELL_000119,HCC827,dropseq,dropseq
dropseq_CELL_000120,H1975,dropseq,dropseq
dropseq_CELL_000121,H2228,dropseq,dropseq
dropseq_CELL_000122,H1975,dropseq,dropseq
dropseq_CELL_000123,H2228,dropseq,dropseq
dropseq_CELL_000124,H1975,dropseq,dropseq
dropseq_CELL_000125,H2228,dropseq,dropseq
dropseq_CELL_000126,H2228,dropseq,dropseq
dropseq_CELL_000127,H1975,dropseq,dropseq
dropseq_CELL_000128,H2228,dropseq,dropseq
dropseq_CELL_000129,H1975,dropseq,dropseq
dropseq_CELL_000130,HCC827,dropseq,dropseq
dropseq_CELL_000131,H2228,dropseq,dropseq
dropseq_CELL_000132,H2228,dropseq,dropseq
dropseq_CELL_000133,HCC827,dropseq,dropseq
dropseq_CELL_000134,HCC827,dropseq,dropseq
dropseq_CELL_000135,HCC827,dropseq,dropseq
dropseq_CELL_000136,H1975,dropseq,dropseq
dropseq_CELL_000137,HCC827,dropseq,dropseq
dropseq_CELL_000138,H2228,dropseq,dropseq
dropseq_CELL_000139,H1975,dropseq,dropseq
dropseq_CELL_000140,H2228,dropseq,dropseq
dropseq_CELL_000141,H1975,dropseq,dropseq
dropseq_CELL_000142,H1975,dropseq,dropseq
dropseq_CELL_000143,HCC827,dropseq,dropseq
dropseq_CELL_000145,H1975,dropseq,dropseq
dropseq_CELL_000146,H1975,dropseq,dropseq
dropseq_CELL_000147,H1975,dropseq,dropseq
dropseq_CELL_000148,H1975,dropseq,dropseq
dropseq_CELL_000149,H1975,dropseq,dropseq
dropseq_CELL_000150,H2228,dropseq,dropseq
dropseq_CELL_000151,H1975,dropseq,dropseq
dropseq_CELL_000152,H1975,dropseq,dropseq
dropseq_CELL_000153,HCC827,dropseq,dropseq
dropseq_CELL_000154,HCC827,dropseq,dropseq
dropseq_CELL_000155,HCC827,dropseq,dropseq
dropseq_CELL_000156,H2228,dropseq,dropseq
dropseq_CELL_000157,H2228,dropseq,dropseq
dropseq_CELL_000158,H1975,dropseq,dropseq
dropseq_CELL_000159,H1975,dropseq,dropseq
dropseq_CELL_000160,H1975,dropseq,dropseq
dropseq_CELL_000161,HCC827,dropseq,dropseq
dropseq_CELL_000162,HCC827,dropseq,dropseq
dropseq_CELL_000163,H2228,dropseq,dropseq
dropseq_CELL_000164,H1975,dropseq,dropseq
dropseq_CELL_000165,H2228,dropseq,dropseq
dropseq_CELL_000166,HCC827,dropseq,dropseq
dropseq_CELL_000167,H2228,dropseq,dropseq
dropseq_CELL_000168,H1975,dropseq,dropseq
dropseq_CELL_000169,H2228,dropseq,dropseq
dropseq_CELL_000170,H1975,dropseq,dropseq
dropseq_CELL_000171,H1975,dropseq,dropseq
dropseq_CELL_000172,H2228,dropseq,dropseq
dropseq_CELL_000173,H1975,dropseq,dropseq
dropseq_CELL_000174,H2228,dropseq,dropseq
dropseq_CELL_000175,H1975,dropseq,dropseq
dropseq_CELL_000176,H2228,dropseq,dropseq
dropseq_CELL_000177,H1975,dropseq,dropseq
dropseq_CELL_000178,HCC827,dropseq,dropseq
dropseq_CELL_000179,HCC827,dropseq,dropseq
dropseq_CELL_000180,H2228,dropseq,dropseq
dropseq_CELL_000182,H2228,dropseq,dropseq
dropseq_CELL_000183,H2228,dropseq,dropseq
dropseq_CELL_000184,H2228,dropseq,dropseq
dropseq_CELL_000185,H2228,dropseq,dropseq
dropseq_CELL_000186,H2228,dropseq,dropseq
dropseq_CELL_000187,H1975,dropseq,dropseq
dropseq_CELL_000188,HCC827,dropseq,dropseq
dropseq_CELL_000189,H2228,dropseq,dropseq
dropseq_CELL_000190,H1975,dropseq,dropseq
dropseq_CELL_000191,H1975,dropseq,dropseq
dropseq_CELL_000192,H1975,dropseq,dropseq
dropseq_CELL_000193,HCC827,dropseq,dropseq
dropseq_CELL_000194,HCC827,dropseq,dropseq
dropseq_CELL_000195,H1975,dropseq,dropseq
dropseq_CELL_000196,H2228,dropseq,dropseq
dropseq_CELL_000197,H1975,dropseq,dropseq
dropseq_CELL_000198,H2228,dropseq,dropseq
dropseq_CELL_000199,H1975,dropseq,dropseq
dropseq_CELL_000200,H1975,dropseq,dropseq
dropseq_CELL_000201,H2228,dropseq,dropseq
dropseq_CELL_000203,H1975,dropseq,dropseq
dropseq_CELL_000205,H1975,dropseq,dropseq
dropseq_CELL_000206,H1975,dropseq,dropseq
dropseq_CELL_000207,HCC827,dropseq,dropseq
dropseq_CELL_000208,H2228,dropseq,dropseq
dropseq_CELL_000210,H1975,dropseq,dropseq
dropseq_CELL_000211,HCC827,dropseq,dropseq
dropseq_CELL_000213,H1975,dropseq,dropseq
dropseq_CELL_000214,H1975,dropseq,dropseq
dropseq_CELL_000216,H2228,dropseq,dropseq
dropseq_CELL_000217,H2228,dropseq,dropseq
dropseq_CELL_000218,H1975,dropseq,dropseq
dropseq_CELL_000219,H2228,dropseq,dropseq
dropseq_CELL_000220,H1975,dropseq,dropseq
dropseq_CELL_000221,H1975,dropseq,dropseq
dropseq_CELL_000222,H1975,dropseq,dropseq
dropseq_CELL_000225,H1975,dropseq,dropseq
dropseq_CELL_000227,H1975,dropseq,dropseq
dropseq_CELL_000228,H1975,dropseq,dropseq
dropseq_CELL_000229,H1975,dropseq,dropseq
dropseq_CELL_000230,H1975,dropseq,dropseq
dropseq_CELL_000231,H1975,dropseq,dropseq
dropseq_CELL_000233,H1975,dropseq,dropseq
dropseq_CELL_000237,H1975,dropseq,dropseq
dropseq_CELL_000238,H1975,dropseq,dropseq
dropseq_CELL_000246,H2228,dropseq,dropseq
dropseq_CELL_000249,H1975,dropseq,dropseq
dropseq_CELL_000302,HCC827,dropseq,dropseq
